[{"pk": 1, "model": "cash.paymenttype", "fields": {"name": "Efectivo / D\u00e9bito"}}, {"pk": 2, "model": "cash.paymenttype", "fields": {"name": "Tarjeta"}}, {"pk": 1, "model": "cash.category", "fields": {"name": "Trabajo"}}, {"pk": 2, "model": "cash.category", "fields": {"name": "Almac\u00e9n"}}, {"pk": 3, "model": "cash.category", "fields": {"name": "Varios"}}, {"pk": 4, "model": "cash.category", "fields": {"name": "Salida"}}, {"pk": 5, "model": "cash.category", "fields": {"name": "Romina"}}, {"pk": 6, "model": "cash.category", "fields": {"name": "Departamento"}}, {"pk": 7, "model": "cash.category", "fields": {"name": "Tarjeta"}}, {"pk": 8, "model": "cash.category", "fields": {"name": "Gimnasio"}}, {"pk": 9, "model": "cash.category", "fields": {"name": "Vacaciones"}}, {"pk": 10, "model": "cash.category", "fields": {"name": "Impuestos"}}, {"pk": 11, "model": "cash.category", "fields": {"name": "Plazo Fijo"}}, {"pk": 12, "model": "cash.category", "fields": {"name": "Donaciones"}}, {"pk": 1, "model": "cash.subcategory", "fields": {"category": 2, "name": "Almac\u00e9n"}}, {"pk": 2, "model": "cash.subcategory", "fields": {"category": 6, "name": "Impuestos"}}, {"pk": 3, "model": "cash.subcategory", "fields": {"category": 6, "name": "Alquiler"}}, {"pk": 4, "model": "cash.subcategory", "fields": {"category": 6, "name": "Expensas"}}, {"pk": 5, "model": "cash.subcategory", "fields": {"category": 6, "name": "Varios"}}, {"pk": 6, "model": "cash.subcategory", "fields": {"category": 5, "name": "Regalos"}}, {"pk": 7, "model": "cash.subcategory", "fields": {"category": 5, "name": "Aportes"}}, {"pk": 8, "model": "cash.subcategory", "fields": {"category": 1, "name": "Viaje"}}, {"pk": 9, "model": "cash.subcategory", "fields": {"category": 1, "name": "Almuerzo"}}, {"pk": 10, "model": "cash.subcategory", "fields": {"category": 1, "name": "Otros"}}, {"pk": 11, "model": "cash.subcategory", "fields": {"category": 5, "name": "Varios"}}, {"pk": 12, "model": "cash.subcategory", "fields": {"category": 3, "name": "Farmacia"}}, {"pk": 13, "model": "cash.subcategory", "fields": {"category": 3, "name": "Jard\u00edn"}}, {"pk": 14, "model": "cash.subcategory", "fields": {"category": 2, "name": "Agua"}}, {"pk": 15, "model": "cash.subcategory", "fields": {"category": 5, "name": "Anticonceptivos"}}, {"pk": 16, "model": "cash.subcategory", "fields": {"category": 7, "name": "Visa"}}, {"pk": 17, "model": "cash.subcategory", "fields": {"category": 7, "name": "Mastercard"}}, {"pk": 18, "model": "cash.subcategory", "fields": {"category": 3, "name": "Hospital"}}, {"pk": 19, "model": "cash.subcategory", "fields": {"category": 3, "name": "Indumentaria"}}, {"pk": 20, "model": "cash.subcategory", "fields": {"category": 3, "name": "Libros"}}, {"pk": 21, "model": "cash.subcategory", "fields": {"category": 3, "name": "San Vicente"}}, {"pk": 22, "model": "cash.subcategory", "fields": {"category": 3, "name": "Servicio"}}, {"pk": 23, "model": "cash.subcategory", "fields": {"category": 4, "name": "Salida"}}, {"pk": 24, "model": "cash.subcategory", "fields": {"category": 3, "name": "Lavadero"}}, {"pk": 25, "model": "cash.subcategory", "fields": {"category": 8, "name": "Varios"}}, {"pk": 26, "model": "cash.subcategory", "fields": {"category": 3, "name": "Ferreteria"}}, {"pk": 27, "model": "cash.subcategory", "fields": {"category": 3, "name": "Bazar"}}, {"pk": 28, "model": "cash.subcategory", "fields": {"category": 3, "name": "Varios"}}, {"pk": 29, "model": "cash.subcategory", "fields": {"category": 3, "name": "Cuentas"}}, {"pk": 30, "model": "cash.subcategory", "fields": {"category": 3, "name": "Peluqueria"}}, {"pk": 31, "model": "cash.subcategory", "fields": {"category": 3, "name": "Delivery"}}, {"pk": 32, "model": "cash.subcategory", "fields": {"category": 3, "name": "Electro"}}, {"pk": 33, "model": "cash.subcategory", "fields": {"category": 1, "name": "Varios"}}, {"pk": 34, "model": "cash.subcategory", "fields": {"category": 9, "name": "Varios"}}, {"pk": 35, "model": "cash.subcategory", "fields": {"category": 9, "name": "Viaje"}}, {"pk": 36, "model": "cash.subcategory", "fields": {"category": 10, "name": "IB"}}, {"pk": 37, "model": "cash.subcategory", "fields": {"category": 3, "name": "Cable"}}, {"pk": 38, "model": "cash.subcategory", "fields": {"category": 10, "name": "Tel\u00e9fono"}}, {"pk": 39, "model": "cash.subcategory", "fields": {"category": 3, "name": "Muebles"}}, {"pk": 40, "model": "cash.subcategory", "fields": {"category": 9, "name": "Hospedaje"}}, {"pk": 41, "model": "cash.subcategory", "fields": {"category": 5, "name": "Personal"}}, {"pk": 42, "model": "cash.subcategory", "fields": {"category": 3, "name": "Comisiones Mercado Libre"}}, {"pk": 43, "model": "cash.subcategory", "fields": {"category": 3, "name": "Venta Mercado Libre"}}, {"pk": 44, "model": "cash.subcategory", "fields": {"category": 11, "name": "PF"}}, {"pk": 45, "model": "cash.subcategory", "fields": {"category": 12, "name": "Donaciones"}}, {"pk": 46, "model": "cash.subcategory", "fields": {"category": 11, "name": "Sharesave"}}, {"pk": 47, "model": "cash.subcategory", "fields": {"category": 5, "name": "Tarjeta"}}, {"pk": 48, "model": "cash.subcategory", "fields": {"category": 4, "name": "Eventos"}}, {"pk": 49, "model": "cash.subcategory", "fields": {"category": 3, "name": "La Naci\u00f3n"}}, {"pk": 50, "model": "cash.subcategory", "fields": {"category": 3, "name": "Monedero"}}, {"pk": 51, "model": "cash.subcategory", "fields": {"category": 5, "name": "Cuentas"}}, {"pk": 52, "model": "cash.subcategory", "fields": {"category": 7, "name": "AMEX"}}]